,date,03668_FD_STRAHL,03668_FG_STRAHL,03668_SD_STRAHL,05792_FD_STRAHL,05792_FG_STRAHL,05792_SD_STRAHL,Prog_in_MW,Act_in_MW,Bruttoleistung,Nettonennleistung,Bruttoleistung_kumulativ,Nettonennleistung_kumulativ
0,2023-01-01,253.0,308.0,2.3,181.0,662.0,7.8,59750.8,66402.6,7638.064,7052.714,18650929.064,17051732.714
1,2023-01-02,251.0,357.0,3.2,315.0,581.0,6.4,54349.6,57194.2,21244.711,19219.613,18672173.775,17070952.327
2,2023-01-03,213.0,394.0,4.3,262.0,263.0,0.0,30626.6,36114.8,6311.835,5687.815,18678485.61,17076640.142
3,2023-01-04,126.0,134.0,0.0,267.0,396.0,3.0,14734.7,21821.3,6880.479,6221.365,18685366.089,17082861.507
4,2023-01-05,250.0,336.0,1.7,204.0,229.0,0.0,22221.0,21564.3,6440.564,5826.238,18691806.653,17088687.745
5,2023-01-06,139.0,150.0,0.0,164.0,743.0,8.4,33937.6,44201.5,1266.275,1111.805,18693072.928,17089799.55
6,2023-01-07,179.0,231.0,1.8,121.0,738.0,7.6,43151.8,61036.7,1397.2450000000001,1272.695,18694470.173,17091072.245
7,2023-01-08,131.0,142.0,0.1,260.0,289.0,1.5,21640.2,23862.9,288.49,266.25,18694758.663,17091338.495
8,2023-01-09,141.0,151.0,0.0,231.0,239.0,0.0,20055.6,22507.5,21360.606,19281.665,18716119.269,17110620.16
9,2023-01-10,155.0,166.0,0.0,314.0,658.0,4.2,23533.1,23742.5,13610.981,12251.811,18729730.25,17122871.971
10,2023-01-11,109.0,115.0,0.0,297.0,370.0,2.0,16190.9,23671.3,10344.93,9325.211,18740075.18,17132197.182
11,2023-01-12,111.0,122.0,0.2,371.0,434.0,2.5,14377.3,26482.0,8631.195,7725.271,18748706.375,17139922.453
12,2023-01-13,141.0,172.0,0.6,282.0,299.0,0.5,25475.7,32839.1,7574.485,6774.295,18756280.86,17146696.748
13,2023-01-14,210.0,242.0,0.9,371.0,595.0,5.0,30408.6,44561.3,1200.595,1112.045,18757481.455,17147808.793
14,2023-01-15,115.0,124.0,0.1,235.0,235.0,0.0,19277.2,16466.5,855.204,760.459,18758336.659,17148569.252
15,2023-01-16,221.0,435.0,4.4,281.0,530.0,4.2,54851.0,75008.8,29812.45,27280.16,18788149.109,17175849.412
16,2023-01-17,195.0,471.0,4.7,335.0,426.0,2.3,66098.3,79408.0,15921.217999999999,13532.085,18804070.327,17189381.497
17,2023-01-18,109.0,116.0,0.0,413.0,599.0,3.2,41532.1,24399.2,16249.729,14039.589,18820320.056,17203421.086
18,2023-01-19,190.0,301.0,2.5,411.0,419.0,0.4,39271.8,34171.0,8312.035,7420.505,18828632.091,17210841.591
19,2023-01-20,208.0,228.0,0.0,515.0,515.0,0.0,30195.1,20090.6,7630.352,6648.825,18836262.443,17217490.416
20,2023-01-21,226.0,250.0,0.1,438.0,438.0,0.0,21001.1,11890.6,1509.535,1339.49,18837771.978,17218829.906
21,2023-01-22,185.0,201.0,0.0,372.0,857.0,6.7,13681.3,11061.9,170.285,142.15,18837942.263,17218972.056
22,2023-01-23,275.0,371.0,1.7,468.0,506.0,1.4,19490.8,19328.0,9313.435,8345.864,18847255.698,17227317.92
23,2023-01-24,145.0,155.0,0.0,347.0,711.0,6.5,26484.899999999998,19981.5,6432.03,5790.263,18853687.728,17233108.183
24,2023-01-25,79.0,85.0,0.0,136.0,972.0,9.1,27421.0,7178.9,9354.555,8501.592,18863042.283,17241609.775
25,2023-01-26,74.0,81.0,0.0,250.0,957.0,9.0,13532.2,6979.5,7027.997,6334.096,18870070.28,17247943.871
26,2023-01-27,231.0,251.0,0.0,430.0,718.0,4.1,18994.2,15191.7,5907.045,5374.255,18875977.325,17253318.126
27,2023-01-28,218.0,232.0,0.0,546.0,791.0,4.6,26416.0,14049.4,1333.465,1186.775,18877310.79,17254504.901
28,2023-01-29,366.0,429.0,1.5,265.0,977.0,7.9,52893.200000000004,31329.8,243.20499999999998,191.93,18877553.995,17254696.831
29,2023-01-30,131.0,143.0,0.1,375.0,751.0,4.3,19675.3,21964.7,16836.155,13933.205,18894390.15,17268630.036
30,2023-01-31,241.0,265.0,0.2,-999.0,813.0,5.5,19609.8,31116.2,26191.266,22406.535,18920581.416,17291036.571
31,2023-02-01,153.0,170.0,0.3,324.0,324.0,0.0,25625.399999999998,23000.3,12829.752,11610.131,18933411.168,17302646.702
32,2023-02-02,115.0,125.0,0.0,245.0,253.0,0.0,13615.6,11659.7,6089.204,5421.969,18939500.372,17308068.671
33,2023-02-03,101.0,110.0,0.0,486.0,515.0,1.4,14579.5,15629.1,5214.15,4623.07,18944714.522,17312691.741
34,2023-02-04,360.0,464.0,1.6,541.0,799.0,1.9,61427.8,80003.0,997.68,892.095,18945712.202,17313583.836
35,2023-02-05,242.0,302.0,0.8,466.0,716.0,3.7,53497.7,63838.0,4166.24,3382.085,18949878.442,17316965.921
36,2023-02-06,303.0,336.0,0.1,446.0,959.0,5.9,80456.7,55834.4,7016.95,6233.64,18956895.392,17323199.561
37,2023-02-07,162.0,994.0,9.3,147.0,1202.0,9.7,152911.6,145280.7,11602.19,9863.67,18968497.582,17333063.231
38,2023-02-08,178.0,986.0,9.3,157.0,1240.0,9.7,153428.6,160367.1,5674.885,5143.21,18974172.467,17338206.441
39,2023-02-09,206.0,965.0,9.3,166.0,1240.0,9.8,145446.8,158383.3,5503.02,5000.187,18979675.487,17343206.628
40,2023-02-10,421.0,797.0,5.8,176.0,1227.0,9.8,111368.8,125530.5,6433.515,5807.0,18986109.002,17349013.628
41,2023-02-11,389.0,440.0,0.9,556.0,557.0,0.1,51794.9,58453.3,1099.209,960.705,18987208.211,17349974.333
42,2023-02-12,365.0,441.0,1.7,163.0,1226.0,9.5,43863.4,59757.1,346.89,322.25,18987555.101,17350296.583
43,2023-02-13,346.0,838.0,5.3,147.0,1303.0,10.2,79552.6,76792.7,7959.767,7200.206,18995514.868,17357496.789
44,2023-02-14,316.0,373.0,1.3,154.0,1336.0,10.3,105804.8,53895.0,14038.296,12480.584,19009553.164,17369977.373
45,2023-02-15,345.0,778.0,5.3,154.0,1349.0,10.2,116427.2,67549.8,18418.243,15763.778,19027971.407,17385741.151
46,2023-02-16,284.0,1003.0,7.1,293.0,1218.0,7.9,130262.5,112144.1,7425.005,6700.028,19035396.412,17392441.179
47,2023-02-17,185.0,203.0,0.2,611.0,615.0,0.1,24336.3,42088.700000000004,4253.643,3802.97,19039650.055,17396244.149
48,2023-02-18,225.0,252.0,0.3,476.0,1204.0,9.3,52074.4,57757.6,1354.5049999999999,1202.365,19041004.56,17397446.514
49,2023-02-19,300.0,376.0,1.0,509.0,540.0,0.6,51066.2,55851.1,196.805,176.93,19041201.365,17397623.444
50,2023-02-20,409.0,1063.0,8.4,348.0,1361.0,9.4,136204.3,147775.6,6001.325,5286.295,19047202.69,17402909.739
51,2023-02-21,435.0,811.0,4.6,256.0,1398.0,10.3,99369.9,131690.2,21949.91,18136.432,19069152.6,17421046.171
52,2023-02-22,461.0,987.0,7.1,668.0,1266.0,8.2,120387.1,152247.6,7604.551,6655.175,19076757.151,17427701.346
53,2023-02-23,266.0,290.0,0.0,690.0,915.0,3.6,46965.3,59716.5,9924.703,8613.973,19086681.854,17436315.319
54,2023-02-24,411.0,450.0,0.1,510.0,712.0,2.0,55172.4,49245.4,8340.812,7232.094999999999,19095022.666,17443547.414
55,2023-02-25,397.0,479.0,0.7,493.0,495.0,0.0,63046.1,78796.9,1178.31,1058.765,19096200.976,17444606.179
56,2023-02-26,533.0,957.0,4.0,831.0,831.0,0.0,94932.1,70790.6,370.735,340.945,19096571.711,17444947.123999998
57,2023-02-27,468.0,1070.0,6.9,987.0,1141.0,3.8,101184.4,104113.3,18903.573,14920.009,19115475.283999998,17459867.133
58,2023-02-28,286.0,1351.0,9.9,379.0,1646.0,10.9,166425.6,174717.6,10091.59,9171.041,19125566.874,17469038.174
59,2023-03-01,247.0,1365.0,10.3,291.0,1634.0,10.6,187873.3,187882.1,31571.817000000003,28767.095,19157138.691,17497805.269
60,2023-03-02,265.0,1368.0,10.3,359.0,1538.0,9.2,187183.5,193026.4,6591.385,5989.928,19163730.076,17503795.197
61,2023-03-03,332.0,1354.0,9.4,809.0,1357.0,6.3,177459.8,168012.4,6068.477,5444.288,19169798.553,17509239.485
62,2023-03-04,304.0,331.0,0.0,228.0,1721.0,11.2,137177.4,94864.9,1392.019,1249.2849999999999,19171190.572,17510488.77
63,2023-03-05,333.0,361.0,0.0,251.0,1785.0,10.5,53315.3,40592.2,566.403,502.498,19171756.975,17510991.268
64,2023-03-06,492.0,537.0,0.1,758.0,1414.0,6.5,51510.5,62540.7,7098.125,6402.025,19178855.1,17517393.293
65,2023-03-07,510.0,633.0,1.5,497.0,1607.0,8.9,103415.6,120944.7,6916.614,6158.581,19185771.714,17523551.874
66,2023-03-08,184.0,197.0,0.0,762.0,802.0,0.9,36506.8,41047.1,6369.32,5661.128,19192141.033999998,17529213.002
67,2023-03-09,422.0,500.0,0.9,753.0,881.0,2.3,82013.8,91055.0,6279.886,5707.772,19198420.919999998,17534920.774
68,2023-03-10,532.0,660.0,1.5,780.0,897.0,1.3,81058.6,99719.2,7518.551,6760.5,19205939.471,17541681.274
69,2023-03-11,525.0,674.0,1.0,733.0,1087.0,1.0,104829.4,105942.2,1385.975,1226.971,19207325.446,17542908.245
70,2023-03-12,495.0,552.0,0.3,527.0,740.0,0.0,60626.200000000004,74500.2,322.307,295.495,19207647.753,17543203.74
71,2023-03-13,479.0,759.0,3.3,795.0,1369.0,7.3,116905.5,112716.7,7883.28,7036.925,19215531.033,17550240.665
72,2023-03-14,461.0,582.0,0.8,761.0,803.0,0.6,65683.8,71745.9,8324.247,7395.212,19223855.28,17557635.877
73,2023-03-15,469.0,826.0,4.4,607.0,1633.0,5.4,135851.4,123873.6,11361.636,10196.566,19235216.916,17567832.443
74,2023-03-16,290.0,1766.0,10.6,354.0,1941.0,11.4,180955.4,221028.3,8868.206,7802.205,19244085.122,17575634.648
75,2023-03-17,551.0,1558.0,9.6,838.0,1682.0,9.0,175557.9,200375.8,7011.841,6372.148,19251096.963,17582006.796
76,2023-03-18,420.0,1504.0,7.3,575.0,1719.0,8.4,186337.7,200090.7,2515.122,2295.505,19253612.085,17584302.301
77,2023-03-19,584.0,975.0,4.1,1146.0,1235.0,2.1,81256.8,123114.9,398.885,337.258,19254010.97,17584639.559
78,2023-03-20,564.0,613.0,0.0,949.0,1847.0,7.3,101926.5,88890.4,8104.054,7235.542,19262115.024,17591875.101
79,2023-03-21,523.0,1565.0,2.9,1023.0,1023.0,0.0,131072.3,186358.9,7407.039,6646.65,19269522.063,17598521.751
80,2023-03-22,573.0,1730.0,10.1,384.0,2034.0,11.2,198492.1,214879.7,22499.27,18095.475,19292021.333,17616617.226
81,2023-03-23,444.0,493.0,0.1,1101.0,1228.0,2.1,96369.09999999999,91040.2,14352.17,12971.05,19306373.503,17629588.276
82,2023-03-24,328.0,358.0,0.1,715.0,773.0,0.5,73278.8,64815.6,6758.8460000000005,6014.429,19313132.349,17635602.705
83,2023-03-25,629.0,1141.0,4.9,799.0,1134.0,1.8,148760.6,145917.6,1626.5,1455.515,19314758.849,17637058.22
84,2023-03-26,404.0,805.0,2.9,763.0,768.0,0.1,69544.3,77204.5,395.5,325.66,19315154.349,17637383.88
85,2023-03-27,552.0,1379.0,5.9,1044.0,1082.0,0.1,129403.4,149660.8,8289.569,7508.31,19323443.918,17644892.19
86,2023-03-28,778.0,1661.0,7.6,683.0,2223.0,9.1,169467.6,186518.5,6834.342,6075.034,19330278.26,17650967.224
87,2023-03-29,923.0,1177.0,2.1,665.0,684.0,0.0,80726.8,114172.5,6858.913,6148.885,19337137.173,17657116.109
88,2023-03-30,492.0,692.0,2.1,632.0,668.0,0.6,89539.3,68622.2,27522.454,24308.574,19364659.627,17681424.683
89,2023-03-31,614.0,951.0,2.3,600.0,642.0,1.3,99630.1,105950.1,23685.565,20178.1,19388345.192,17701602.783
90,2023-04-01,516.0,559.0,0.0,1057.0,1296.0,1.0,70814.0,88264.7,7952.558,7427.014,19396297.75,17709029.797
91,2023-04-02,536.0,580.0,0.0,1100.0,1134.0,0.5,85224.7,71800.5,294.469,255.96,19396592.219,17709285.757
92,2023-04-03,760.0,1536.0,6.0,832.0,2429.0,9.8,210834.4,190348.0,10230.706,9268.878,19406822.925,17718554.635
93,2023-04-04,777.0,1797.0,7.9,316.0,2628.0,13.1,178197.3,215388.7,7663.093,6939.412,19414486.018,17725494.047
94,2023-04-05,650.0,2066.0,10.1,785.0,2358.0,9.6,211790.6,269162.9,40040.068,32821.063,19454526.086,17758315.11
95,2023-04-06,409.0,2198.0,11.8,1214.0,1972.0,6.5,236190.3,272239.6,28523.309,25066.52,19483049.395,17783381.63
96,2023-04-07,913.0,2021.0,10.4,1213.0,1562.0,2.5,166747.9,200229.8,696.445,626.525,19483745.84,17784008.155
97,2023-04-08,504.0,579.0,0.3,1184.0,1194.0,0.3,83492.4,56906.8,1178.48,1056.87,19484924.32,17785065.025
98,2023-04-09,622.0,2153.0,10.2,1230.0,2244.0,9.7,196513.7,182866.8,169.694,148.234,19485094.014,17785213.259
99,2023-04-10,542.0,2216.0,11.2,490.0,2562.0,11.4,280808.7,266665.4,1383.475,1259.48,19486477.489,17786472.739
100,2023-04-11,638.0,1608.0,6.0,961.0,984.0,0.1,146626.0,150802.7,5649.375,5084.271,19492126.864,17791557.01
101,2023-04-12,616.0,682.0,0.3,1189.0,1284.0,1.6,75576.2,103512.5,8165.874,7385.276,19500292.737999998,17798942.286
102,2023-04-13,907.0,1097.0,1.2,1140.0,1148.0,0.2,114408.7,128391.8,11578.512,9935.182,19511871.25,17808877.468
103,2023-04-14,914.0,1152.0,2.1,1106.0,1106.0,0.0,108894.3,105781.7,7529.81,6664.906,19519401.06,17815542.374
104,2023-04-15,484.0,537.0,0.0,1385.0,1414.0,1.0,56018.0,55732.7,2061.084,1864.5,19521462.144,17817406.874
105,2023-04-16,786.0,953.0,1.1,1365.0,1365.0,0.0,116541.5,103890.4,339.944,295.335,19521802.088,17817702.209
106,2023-04-17,869.0,1199.0,2.3,1702.0,1710.0,0.6,147701.3,130896.1,40221.813,33550.294,19562023.901,17851252.503
107,2023-04-18,648.0,734.0,0.3,1774.0,2223.0,5.1,135290.4,104391.6,16652.685,14918.935,19578676.586,17866171.438
108,2023-04-19,574.0,1498.0,5.5,1434.0,1436.0,0.0,155874.3,115266.6,8282.231,7478.747,19586958.817,17873650.185
109,2023-04-20,816.0,1161.0,4.6,1515.0,1562.0,1.5,123137.4,125981.3,13583.273,11777.215,19600542.09,17885427.4
110,2023-04-21,602.0,2434.0,11.4,774.0,2802.0,10.4,267504.3,269468.4,17339.739999999998,15471.198999999999,19617881.83,17900898.599
111,2023-04-22,812.0,2282.0,11.0,861.0,2434.0,10.2,267538.2,260654.5,2330.073,1987.4080000000001,19620211.903,17902886.007
112,2023-04-23,869.0,1229.0,2.4,1210.0,2008.0,6.1,167617.5,172069.0,440.29,387.29,19620652.193,17903273.297
113,2023-04-24,926.0,1391.0,3.5,1272.0,1296.0,0.4,173397.1,144058.3,9690.204,8655.986,19630342.397,17911929.283
114,2023-04-25,866.0,1360.0,2.4,1525.0,1539.0,0.3,156283.1,147715.4,28247.805000000004,27497.7,19658590.202,17939426.983
115,2023-04-26,1005.0,2194.0,10.2,1609.0,2386.0,6.9,203365.1,222926.5,25921.698,22165.71,19684511.9,17961592.693
116,2023-04-27,998.0,2359.0,8.4,1644.0,1691.0,2.2,223991.2,234569.5,17700.591,16245.631,19702212.491,17977838.324
117,2023-04-28,547.0,605.0,0.0,753.0,757.0,0.0,70301.5,61204.7,47574.481999999996,41491.477,19749786.973,18019329.801
118,2023-04-29,781.0,871.0,0.2,1425.0,1601.0,1.8,197217.5,168919.1,2317.99,2016.93,19752104.963,18021346.731
119,2023-04-30,797.0,2205.0,8.4,1025.0,2917.0,11.8,266713.6,253015.8,704.539,631.93,19752809.502,18021978.661
120,2023-05-01,890.0,1087.0,3.6,1072.0,1089.0,0.3,158861.8,161984.3,9374.828,8273.727,19762184.33,18030252.388
121,2023-05-02,793.0,1753.0,6.0,1597.0,1609.0,0.5,168307.0,165203.4,25190.311999999998,21972.175,19787374.642,18052224.563
122,2023-05-03,-999.0,-999.0,11.2,858.0,3027.0,12.8,264109.6,258051.9,16231.461,13617.581,19803606.103,18065842.144
123,2023-05-04,844.0,2589.0,13.0,537.0,3002.0,13.0,313306.4,308559.0,30323.22,26764.76,19833929.323,18092606.904
124,2023-05-05,842.0,1691.0,6.5,1247.0,2113.0,5.7,252803.4,248380.19999999998,8402.544,7529.522,19842331.867,18100136.426
125,2023-05-06,1038.0,2166.0,9.1,1296.0,1327.0,1.1,233313.1,224194.7,1940.159,1743.734,19844272.026,18101880.16
126,2023-05-07,1138.0,1781.0,4.9,1491.0,1816.0,6.7,244383.6,246497.2,219.715,193.73,19844491.741,18102073.89
127,2023-05-08,1262.0,1394.0,2.0,1689.0,1690.0,0.2,222736.0,192310.5,26900.077,22748.457,19871391.818,18124822.347
128,2023-05-09,687.0,2605.0,11.5,1376.0,2244.0,6.2,297683.5,299532.2,19232.93,16837.295,19890624.748,18141659.642
129,2023-05-10,887.0,1022.0,0.8,1045.0,1173.0,0.0,77981.4,111865.2,9541.948,8550.465,19900166.696,18150210.107
130,2023-05-11,461.0,477.0,0.0,1487.0,1588.0,1.0,66536.6,72253.3,8116.717,7300.381,19908283.413,18157510.488
131,2023-05-12,911.0,951.0,0.4,1841.0,2663.0,7.2,131967.9,108487.8,28177.53,26527.04,19936460.943,18184037.528
132,2023-05-13,956.0,1028.0,0.8,1842.0,1942.0,2.4,167694.3,147076.3,1952.16,1738.09,19938413.103,18185775.618
133,2023-05-14,1210.0,1500.0,4.2,1459.0,1604.0,1.1,178322.4,176160.7,306.18,272.96999999999997,19938719.283,18186048.588
134,2023-05-15,862.0,2092.0,7.8,1589.0,1727.0,1.5,215994.6,206012.0,19927.346,18029.813000000002,19958646.629,18204078.401
135,2023-05-16,1254.0,1827.0,5.7,1119.0,1127.0,0.0,151391.2,128819.9,13023.035,11471.912,19971669.664,18215550.313
136,2023-05-17,1185.0,1450.0,6.2,2342.0,2361.0,1.4,207320.1,207961.4,24050.623,21413.215,19995720.287,18236963.528
137,2023-05-18,941.0,2603.0,13.1,432.0,3355.0,14.4,265274.2,258940.2,964.23,866.01,19996684.517,18237829.538
138,2023-05-19,1335.0,1571.0,2.8,1838.0,2196.0,5.2,241527.2,216616.7,7358.662,6302.445,20004043.178999998,18244131.983
139,2023-05-20,1082.0,2519.0,10.5,1651.0,2278.0,7.2,271487.7,265123.8,1796.203,1595.9,20005839.382,18245727.883
140,2023-05-21,1262.0,1920.0,8.4,1530.0,2130.0,7.7,312060.2,258422.1,347.75,309.925,20006187.132,18246037.808000002
141,2023-05-22,785.0,2735.0,13.0,1265.0,2292.0,6.1,323307.2,314518.7,11018.682999999999,9460.374,20017205.814999998,18255498.182
142,2023-05-23,1172.0,1525.0,3.6,1267.0,1281.0,0.5,185536.4,204340.6,10980.136,9490.952,20028185.950999998,18264989.134
143,2023-05-24,1112.0,1551.0,4.5,1682.0,1696.0,0.7,220215.1,211148.4,82699.709,74451.30500000001,20110885.66,18339440.439
144,2023-05-25,585.0,2929.0,14.7,614.0,3054.0,12.7,301975.9,306350.1,13098.871,11484.149,20123984.531,18350924.588
145,2023-05-26,749.0,2878.0,14.2,676.0,2884.0,10.1,303245.0,296249.7,12131.167,10629.284,20136115.698,18361553.872
146,2023-05-27,655.0,2948.0,14.5,1206.0,2370.0,8.7,319785.1,324399.1,2188.996,1915.638,20138304.694,18363469.51
147,2023-05-28,679.0,2956.0,14.7,1173.0,1767.0,5.2,326354.4,317333.4,273.375,243.73,20138578.069,18363713.240000002
148,2023-05-29,558.0,2954.0,14.0,1352.0,2193.0,9.1,316743.4,317623.1,984.88,888.735,20139562.949,18364601.975
149,2023-05-30,750.0,2819.0,12.7,915.0,1846.0,5.2,279040.6,278449.1,24996.04,22321.886,20164558.989,18386923.861
150,2023-05-31,423.0,3101.0,14.8,1015.0,2912.0,12.0,330696.1,321449.8,10973.579,9909.341,20175532.568,18396833.202
151,2023-06-01,1033.0,2699.0,13.8,992.0,2057.0,7.5,311767.7,299309.3,38447.641,33803.545,20213980.209,18430636.747
152,2023-06-02,679.0,3008.0,14.9,886.0,2819.0,10.0,313809.8,316136.2,6899.387,6114.199,20220879.596,18436750.946000002
153,2023-06-03,983.0,2685.0,11.7,921.0,2834.0,9.6,307056.4,318980.1,2567.281,2298.48,20223446.877,18439049.426
154,2023-06-04,519.0,3087.0,15.1,1162.0,1959.0,7.2,319240.5,316225.7,390.926,353.536,20223837.803,18439402.962
155,2023-06-05,817.0,2682.0,11.7,1404.0,1462.0,1.2,258357.5,244122.3,9292.395,8180.585,20233130.198,18447583.547000002
156,2023-06-06,1366.0,1814.0,7.2,1550.0,2029.0,5.0,224163.5,222409.9,12310.526,10881.453,20245440.724,18458465.0
157,2023-06-07,1087.0,2488.0,10.7,1052.0,2796.0,9.4,260647.7,276044.7,9803.373,8686.377,20255244.097,18467151.377
158,2023-06-08,886.0,1497.0,5.8,1310.0,1914.0,7.0,263236.2,245625.6,1262.924,1168.2,20256507.020999998,18468319.577
159,2023-06-09,851.0,1919.0,8.0,871.0,2911.0,12.6,283756.8,282195.3,4844.934,4425.191,20261351.955,18472744.768
160,2023-06-10,932.0,2300.0,11.0,917.0,2252.0,8.5,280678.3,256909.2,2629.309,2296.904,20263981.264,18475041.672000002
161,2023-06-11,692.0,3066.0,15.1,1451.0,2049.0,8.8,306886.4,309632.5,395.16,330.62,20264376.424,18475372.292
162,2023-06-12,-999.0,3098.0,15.3,887.0,3405.0,14.5,321943.7,328230.6,11334.561,10057.72,20275710.985,18485430.012000002
163,2023-06-13,-999.0,3142.0,15.2,886.0,3346.0,14.5,326182.1,337090.0,9873.925,8937.072,20285584.91,18494367.084
164,2023-06-14,1178.0,2399.0,9.8,1129.0,3159.0,10.2,266418.2,282172.2,7588.7390000000005,6827.06,20293173.649,18501194.144
165,2023-06-15,960.0,2419.0,10.3,1205.0,1751.0,4.6,268025.4,264614.7,23119.631999999998,19004.967,20316293.281,18520199.111
166,2023-06-16,997.0,2402.0,9.5,1028.0,1126.0,1.5,251998.6,241329.2,16730.034,14358.966,20333023.314999998,18534558.077
167,2023-06-17,896.0,2923.0,13.6,1227.0,1858.0,5.6,288216.7,284019.9,2476.381,2259.192,20335499.696,18536817.269
168,2023-06-18,831.0,2966.0,14.8,1152.0,2672.0,11.3,306681.5,310857.6,675.89,559.86,20336175.586,18537377.129
169,2023-06-19,1136.0,1903.0,6.1,1080.0,2165.0,6.0,246098.6,230500.2,10736.576000000001,9650.175,20346912.162,18547027.304
170,2023-06-20,-999.0,2631.0,11.1,1083.0,2746.0,10.2,265074.5,278764.1,11358.739,10017.99,20358270.901,18557045.294
171,2023-06-21,1019.0,1749.0,9.0,1166.0,2669.0,10.8,247092.1,236237.0,9033.677,8222.11,20367304.577999998,18565267.404
172,2023-06-22,1051.0,2644.0,12.5,1404.0,2143.0,7.6,241969.5,276352.0,18673.379,15977.261,20385977.957,18581244.665
173,2023-06-23,536.0,551.0,0.0,800.0,801.0,0.1,147468.6,100743.0,9080.384,8032.571,20395058.341,18589277.236
174,2023-06-24,714.0,2811.0,13.5,1448.0,2428.0,7.2,284901.3,280775.7,2202.37,1968.205,20397260.711,18591245.441
175,2023-06-25,443.0,3070.0,15.5,307.0,3426.0,15.6,310095.9,320475.4,369.959,330.587,20397630.669999998,18591576.028
176,2023-06-26,813.0,2756.0,13.4,1235.0,2354.0,6.8,285660.2,291693.1,10521.164,9421.429,20408151.834,18600997.457000002
177,2023-06-27,1292.0,1968.0,5.4,1319.0,1334.0,0.7,217634.9,221219.4,11474.611,10353.571,20419626.445,18611351.028
178,2023-06-28,1000.0,2800.0,13.2,1141.0,1142.0,0.1,251759.4,261440.5,17063.063000000002,14453.663,20436689.508,18625804.691
179,2023-06-29,762.0,2620.0,11.1,943.0,2408.0,8.7,271830.3,289038.3,12389.295,10913.997,20449078.803,18636718.688
180,2023-06-30,1049.0,1333.0,3.6,1286.0,1366.0,1.2,159533.0,148665.4,21554.644,18808.548,20470633.447,18655527.236
181,2023-07-01,1105.0,2224.0,7.4,1875.0,2293.0,4.0,190057.5,216713.8,7549.293,6807.627,20478182.74,18662334.863
182,2023-07-02,1166.0,2223.0,7.9,1306.0,1312.0,0.3,234754.1,226089.0,701.545,641.005,20478884.285,18662975.868
183,2023-07-03,1166.0,2017.0,5.9,1419.0,2935.0,8.6,236585.80000000002,226792.9,11451.718,10093.792,20490336.003,18673069.66
184,2023-07-04,1157.0,2455.0,10.3,1342.0,1891.0,3.6,255334.7,273954.5,22803.329,20274.03,20513139.332,18693343.69
185,2023-07-05,732.0,2085.0,7.8,924.0,1522.0,5.7,237033.0,215112.5,18125.75,15395.104,20531265.082,18708738.794
186,2023-07-06,776.0,2917.0,14.4,1432.0,1694.0,2.5,286740.9,291279.9,36734.295000000006,31380.915,20567999.377,18740119.709000003
187,2023-07-07,493.0,3053.0,15.3,825.0,3212.0,14.1,328454.8,335049.9,23251.034,19735.419,20591250.411,18759855.128000002
188,2023-07-08,581.0,3014.0,13.9,1331.0,2104.0,8.6,317300.2,295326.4,2226.829,2001.235,20593477.24,18761856.363
189,2023-07-09,749.0,2801.0,13.0,873.0,3132.0,12.7,309569.8,302640.8,376.495,311.691,20593853.735,18762168.054
190,2023-07-10,1239.0,2327.0,10.1,1099.0,2233.0,7.2,252081.5,235319.4,10102.72,9169.605,20603956.455,18771337.659
191,2023-07-11,826.0,2635.0,12.0,676.0,3114.0,13.9,303150.1,299771.8,13647.565,12421.573,20617604.02,18783759.232
192,2023-07-12,1069.0,2627.0,10.2,792.0,1261.0,3.3,229844.3,213842.4,17598.036,15279.091,20635202.055999998,18799038.323000003
193,2023-07-13,1011.0,2413.0,11.0,1257.0,1476.0,2.8,227184.1,249301.8,17135.94,15254.557,20652337.996,18814292.880000003
194,2023-07-14,1299.0,2480.0,12.6,946.0,2930.0,13.3,266599.7,274150.3,11538.757,10267.305,20663876.753,18824560.185000002
195,2023-07-15,492.0,2786.0,13.1,540.0,3031.0,12.4,300983.2,292373.5,2396.431,2134.416,20666273.184,18826694.601
196,2023-07-16,1209.0,1890.0,6.6,1105.0,2649.0,8.9,233019.4,236059.5,364.739,315.565,20666637.923,18827010.166
197,2023-07-17,1028.0,2248.0,9.4,873.0,2984.0,10.0,257094.1,255745.8,9678.18,8839.218,20676316.103,18835849.384
198,2023-07-18,767.0,2727.0,14.4,587.0,2142.0,9.7,286009.1,281224.9,9067.298,8142.776,20685383.401,18843992.16
199,2023-07-19,770.0,2260.0,8.5,1120.0,1546.0,4.4,253831.9,257927.9,8567.72,7572.971,20693951.121,18851565.131
200,2023-07-20,890.0,2513.0,10.0,1823.0,2127.0,4.1,264447.5,262649.1,8954.385,8156.611,20702905.506,18859721.742000002
201,2023-07-21,1176.0,1851.0,4.9,916.0,1106.0,2.3,209128.2,195381.5,9167.623,8357.684,20712073.129,18868079.426000003
202,2023-07-22,1112.0,1627.0,4.6,1587.0,1897.0,4.5,252898.4,248627.0,1998.044,1754.133,20714071.173,18869833.559
203,2023-07-23,1039.0,1986.0,7.1,1369.0,2307.0,9.1,233240.6,235463.8,359.109,319.895,20714430.281999998,18870153.454
204,2023-07-24,928.0,1108.0,3.2,996.0,1328.0,4.5,161125.5,162168.3,21931.438,19835.452,20736361.72,18889988.906
205,2023-07-25,907.0,1278.0,3.4,728.0,729.0,0.1,144746.4,148593.2,9734.576000000001,8576.182999999999,20746096.296,18898565.089
206,2023-07-26,1067.0,1634.0,5.5,1064.0,1122.0,0.2,175878.3,184200.4,14836.81,13059.25,20760933.106,18911624.339
207,2023-07-27,603.0,628.0,0.2,963.0,1166.0,4.3,105929.4,133908.7,12779.39,11385.14,20773712.496,18923009.479000002
208,2023-07-28,980.0,1114.0,1.3,1120.0,1501.0,3.7,137875.4,158019.4,7041.229,6439.369,20780753.724999998,18929448.848
209,2023-07-29,899.0,1534.0,6.3,917.0,1349.0,3.6,172752.7,178610.9,1675.995,1505.736,20782429.72,18930954.584000003
210,2023-07-30,1122.0,1716.0,5.6,1311.0,1403.0,2.6,195473.4,205269.3,635.893,563.187,20783065.612999998,18931517.771
211,2023-07-31,1035.0,1287.0,2.0,1256.0,2474.0,10.7,178014.2,193723.3,11087.038,9768.188,20794152.651,18941285.959000003
212,2023-08-01,663.0,1129.0,3.5,531.0,531.0,0.0,119215.5,138651.1,31970.713,29390.914,20826123.364,18970676.873
213,2023-08-02,555.0,593.0,0.7,819.0,1673.0,5.3,101966.4,126227.5,19945.122,17546.21,20846068.486,18988223.083
214,2023-08-03,1142.0,1524.0,4.8,1549.0,2142.0,5.2,210700.2,215898.4,13524.659,12402.084,20859593.145,19000625.167
215,2023-08-04,973.0,1583.0,4.3,938.0,943.0,0.1,161178.5,153544.8,7717.948,6955.858,20867311.093,19007581.025000002
216,2023-08-05,1257.0,1435.0,1.4,907.0,907.0,0.0,142008.2,148107.2,1995.875,1738.65,20869306.968,19009319.675
217,2023-08-06,958.0,1313.0,2.6,871.0,905.0,0.0,128323.0,157150.5,430.93,384.56,20869737.898,19009704.235
218,2023-08-07,525.0,614.0,2.0,1021.0,1384.0,0.6,100668.5,116940.6,13384.964,12329.996000000001,20883122.862,19022034.231000002
219,2023-08-08,1063.0,2038.0,9.0,944.0,2779.0,11.7,230542.26,236393.8,8815.326,7882.195,20891938.188,19029916.426000003
220,2023-08-09,860.0,1046.0,2.8,418.0,418.0,0.0,153432.82,135781.7,7440.3589999999995,6744.006,20899378.547,19036660.432
221,2023-08-10,486.0,2582.0,12.8,1475.0,1528.0,3.0,279612.79,291582.5,8034.715,7181.189,20907413.262,19043841.621
222,2023-08-11,356.0,2567.0,13.8,547.0,2690.0,12.6,310221.92,303666.4,7573.605,6862.625,20914986.867,19050704.246
223,2023-08-12,890.0,1697.0,6.2,1206.0,1555.0,4.2,223577.45,212849.8,1369.674,1203.745,20916356.541,19051907.991
224,2023-08-13,1071.0,1450.0,5.5,766.0,2515.0,10.7,218642.63999999998,216028.7,414.075,349.52,20916770.616,19052257.511
225,2023-08-14,664.0,2103.0,9.0,806.0,2287.0,9.3,256957.27,263379.4,11554.909,10153.128,20928325.525,19062410.639000002
226,2023-08-15,937.0,1994.0,9.3,712.0,1410.0,7.1,242182.23,221822.6,2352.678,2127.125,20930678.203,19064537.764000002
227,2023-08-16,1036.0,1935.0,7.7,452.0,2620.0,13.1,240449.81,240547.1,20736.875,16253.678,20951415.078,19080791.442
228,2023-08-17,-999.0,-999.0,9.2,635.0,1378.0,6.5,224199.0,232963.1,10750.26,9484.047,20962165.338,19090275.489
229,2023-08-18,444.0,2385.0,12.8,752.0,2391.0,11.3,267282.45,281093.3,7479.15,6716.834,20969644.487999998,19096992.323000003
230,2023-08-19,466.0,2319.0,12.1,315.0,2766.0,13.8,279686.33,259204.8,1503.874,1327.831,20971148.362,19098320.154000003
231,2023-08-20,678.0,2245.0,12.6,466.0,2569.0,11.6,275920.13,277284.2,546.459,478.3,20971694.821,19098798.454
232,2023-08-21,630.0,2156.0,11.2,686.0,2321.0,9.0,275958.69,274385.2,13692.23,12221.69,20985387.051,19111020.144
233,2023-08-22,685.0,2096.0,10.6,681.0,2527.0,11.5,272964.6,264558.7,22082.117,18349.625,21007469.167999998,19129369.769
234,2023-08-23,437.0,2322.0,13.3,883.0,1324.0,3.8,279439.83,267860.3,18319.1,15408.47,21025788.268,19144778.239
235,2023-08-24,813.0,1958.0,9.1,662.0,2412.0,12.4,258454.43,241501.6,14843.095,12895.926,21040631.362999998,19157674.165000003
236,2023-08-25,736.0,967.0,4.9,829.0,1748.0,6.6,202109.97,152154.2,16513.8,14736.488,21057145.163,19172410.653
237,2023-08-26,798.0,1140.0,2.9,728.0,1790.0,5.9,172713.92,179560.9,1337.974,1225.479,21058483.137,19173636.132
238,2023-08-27,517.0,532.0,0.0,741.0,789.0,0.8,84800.04,83919.1,279.78,248.44,21058762.917,19173884.572
239,2023-08-28,488.0,502.0,0.0,1148.0,1190.0,1.0,75140.75,93776.0,9146.765,8036.628,21067909.682,19181921.200000003
240,2023-08-29,592.0,609.0,0.0,1178.0,1215.0,0.0,76390.8,96736.0,10669.269,9888.045,21078578.950999998,19191809.245
241,2023-08-30,1014.0,1402.0,5.6,1255.0,1260.0,0.2,174891.51,159771.9,11038.894,9929.894,21089617.845,19201739.139000002
242,2023-08-31,860.0,1431.0,5.4,1065.0,1178.0,1.7,195187.82,186085.4,11306.955,10266.026,21100924.799999997,19212005.165
243,2023-09-01,825.0,943.0,1.5,731.0,2205.0,10.1,137963.22,150670.6,14015.423999999999,12971.951000000001,21114940.224,19224977.116
244,2023-09-02,566.0,1954.0,9.3,588.0,2163.0,9.1,231507.03,243921.4,6917.94,6431.52,21121858.163999997,19231408.636
245,2023-09-03,1050.0,1731.0,9.6,1150.0,1601.0,7.1,206935.33,219056.0,377.905,325.945,21122236.069,19231734.581
246,2023-09-04,242.0,2170.0,12.8,201.0,2437.0,13.0,288241.71,283656.9,7620.736,6776.906,21129856.805,19238511.487
247,2023-09-05,303.0,2144.0,12.7,228.0,2494.0,13.1,290676.66,278312.6,6613.549,6014.432,21136470.354,19244525.919
248,2023-09-06,253.0,2140.0,12.8,207.0,2450.0,13.1,290665.51,284216.4,9626.649,8669.04,21146097.003,19253194.959
249,2023-09-07,260.0,2131.0,12.7,206.0,2472.0,13.1,286138.49,280826.2,13594.121,12275.308,21159691.123999998,19265470.267
250,2023-09-08,285.0,2102.0,12.6,266.0,2410.0,12.8,288567.76,270517.1,7702.9619999999995,6951.429,21167394.086,19272421.696000002
251,2023-09-09,324.0,2042.0,12.3,496.0,2130.0,9.9,277727.44,263623.6,1626.974,1488.456,21169021.06,19273910.152000003
252,2023-09-10,571.0,1853.0,11.1,755.0,1760.0,7.5,261882.38,246518.0,361.318,313.358,21169382.378,19274223.51
253,2023-09-11,474.0,1861.0,11.4,585.0,1958.0,9.4,262220.41,255563.4,9497.878,8429.72,21178880.255999997,19282653.23
254,2023-09-12,504.0,1814.0,11.1,603.0,1883.0,9.9,225726.1,220263.2,20875.637,16880.231,21199755.893,19299533.461000003
255,2023-09-13,683.0,814.0,2.0,576.0,657.0,1.1,129993.88,116201.3,9141.095,8267.11,21208896.987999998,19307800.571000002
256,2023-09-14,644.0,1265.0,5.3,1010.0,1016.0,0.8,202431.21,197274.3,9749.094,8777.968,21218646.082,19316578.539
257,2023-09-15,375.0,1885.0,11.7,595.0,1387.0,7.2,250447.82,256781.9,7617.387,6846.303,21226263.469,19323424.842
258,2023-09-16,240.0,1873.0,11.8,568.0,1698.0,8.2,241107.46,248575.19999999998,2292.729,2078.699,21228556.198,19325503.541
259,2023-09-17,609.0,1563.0,9.8,958.0,-999.0,6.4,218444.0,213937.5,289.265,259.575,21228845.463,19325763.116
260,2023-09-18,556.0,816.0,3.4,498.0,547.0,1.4,142240.63999999998,117062.8,12271.006,10856.991,21241116.469,19336620.107
261,2023-09-19,742.0,1415.0,7.4,923.0,1062.0,3.5,172222.42,179521.0,14030.92,12284.0,21255147.389,19348904.107
262,2023-09-20,235.0,1780.0,11.5,430.0,1944.0,11.3,231957.94,232363.1,13460.285,11188.834,21268607.674,19360092.941
263,2023-09-21,383.0,1575.0,8.6,378.0,1804.0,9.3,192242.41,204291.8,8366.884,7587.072,21276974.558,19367680.013
264,2023-09-22,458.0,472.0,0.7,388.0,399.0,0.0,89093.68000000001,71421.1,7174.79,6455.631,21284149.347999997,19374135.644
265,2023-09-23,633.0,1203.0,6.1,1122.0,1145.0,1.1,138331.35,147881.4,1980.785,1797.4,21286130.133,19375933.044
266,2023-09-24,406.0,1578.0,9.8,968.0,1043.0,2.2,215035.69,217158.3,339.121,291.359,21286469.254,19376224.403
267,2023-09-25,226.0,1700.0,11.5,170.0,1981.0,11.9,237082.64,238923.4,7884.621,7235.042,21294353.875,19383459.445
268,2023-09-26,381.0,1514.0,8.7,194.0,1904.0,11.8,213541.92,223621.6,8032.22,7298.891,21302386.095,19390758.336
269,2023-09-27,493.0,1383.0,8.0,227.0,1984.0,11.7,204128.93,207436.3,36195.075,30523.668,21338581.169999998,19421282.004
270,2023-09-28,306.0,1545.0,10.0,325.0,1808.0,11.4,193916.3,210232.0,8319.546,7469.213,21346900.716,19428751.217
271,2023-09-29,751.0,1175.0,6.0,306.0,1764.0,11.0,169495.75,175388.3,9931.969,8754.651,21356832.685,19437505.868
272,2023-09-30,724.0,1064.0,4.3,830.0,1519.0,6.4,172180.79,152953.4,2886.07,2600.72,21359718.755,19440106.588
273,2023-10-01,322.0,1488.0,10.8,162.0,1800.0,11.4,199623.56,202968.1,3234.084,2909.846,21362952.838999998,19443016.434
274,2023-10-02,368.0,1473.0,10.8,215.0,1795.0,11.6,200679.51,211978.9,7962.91,7141.804,21370915.748999998,19450158.238
275,2023-10-03,505.0,1082.0,5.7,263.0,1700.0,11.0,162450.27,163093.1,502.998,456.055,21371418.747,19450614.293
276,2023-10-04,494.0,1268.0,6.7,365.0,1757.0,9.2,173912.93,183537.5,12443.853,10996.265,21383862.6,19461610.558000002
277,2023-10-05,616.0,817.0,3.0,736.0,1115.0,4.3,140696.6,134980.0,13547.939,12236.103,21397410.539,19473846.661000002
278,2023-10-06,407.0,1355.0,10.2,266.0,1637.0,10.6,172671.55,185738.1,26272.609,20851.302,21423683.148,19494697.963
279,2023-10-07,673.0,769.0,1.9,279.0,1305.0,7.0,124911.99,116411.2,2788.87,2527.385,21426472.018,19497225.348
280,2023-10-08,444.0,476.0,0.4,370.0,374.0,0.1,94559.73,70917.0,403.39,362.59,21426875.408,19497587.938
281,2023-10-09,446.0,480.0,0.7,812.0,1350.0,6.3,72285.02,63426.9,7949.812,7280.053,21434825.22,19504867.991
282,2023-10-10,427.0,1235.0,9.8,612.0,1337.0,9.0,148151.91,167618.9,49964.829,48892.338,21484790.049,19553760.329
283,2023-10-11,305.0,1275.0,9.5,171.0,1579.0,11.0,179849.85,182785.7,11600.973,10089.124,21496391.022,19563849.453
284,2023-10-12,318.0,326.0,0.2,411.0,1397.0,7.7,90591.91,86868.7,7422.164,6555.71,21503813.186,19570405.163000003
285,2023-10-13,391.0,1137.0,9.0,203.0,1479.0,10.7,138163.58000000002,158565.6,7125.265,6264.544,21510938.451,19576669.707000002
286,2023-10-14,342.0,367.0,0.9,620.0,816.0,3.5,97818.16,84869.4,1873.753,1707.445,21512812.204,19578377.152000003
287,2023-10-15,427.0,891.0,5.4,478.0,483.0,0.0,111149.94,100973.9,692.539,613.883,21513504.743,19578991.035
288,2023-10-16,372.0,1242.0,9.8,319.0,1481.0,10.5,161437.66,150544.3,21732.463,19498.815,21535237.206,19598489.85
289,2023-10-17,538.0,699.0,3.6,515.0,1184.0,7.0,114124.13,112271.7,13577.719000000001,12452.446,21548814.925,19610942.296
290,2023-10-18,592.0,916.0,5.7,552.0,1010.0,5.1,140267.11000000002,144952.1,19076.87,16566.793,21567891.795,19627509.089
291,2023-10-19,428.0,484.0,0.9,512.0,567.0,1.3,61657.87,61270.3,14071.074,13138.523000000001,21581962.869,19640647.612
292,2023-10-20,350.0,358.0,0.2,573.0,705.0,2.0,35945.99,50745.9,18590.255,16899.341,21600553.123999998,19657546.953
293,2023-10-21,428.0,635.0,2.9,676.0,883.0,3.3,97275.93,121593.2,1574.32,1407.025,21602127.444,19658953.978
294,2023-10-22,321.0,934.0,6.6,385.0,1168.0,6.6,115907.55,131616.5,910.52,736.064,21603037.964,19659690.042
295,2023-10-23,438.0,623.0,3.6,522.0,831.0,4.8,128154.28,115995.4,13301.082,11287.894,21616339.046,19670977.936
296,2023-10-24,-999.0,-999.0,-999.0,227.0,227.0,0.0,33288.92,23467.0,7351.226,6548.687,21623690.272,19677526.623
297,2023-10-25,411.0,451.0,0.7,258.0,1176.0,8.4,93088.9,107046.5,10567.997,9117.569,21634258.269,19686644.192
298,2023-10-26,369.0,387.0,0.3,-999.0,-999.0,-999.0,38604.5,50006.5,7508.894,6772.669,21641767.163,19693416.861
299,2023-10-27,363.0,511.0,1.9,469.0,783.0,2.4,48395.42,51425.8,7055.84,6433.413,21648823.003,19699850.274
300,2023-10-28,367.0,431.0,1.2,213.0,1154.0,8.5,86715.97,98746.1,1565.3,1422.025,21650388.303,19701272.299000002
301,2023-10-29,326.0,371.0,1.0,551.0,842.0,6.8,96185.93,88161.0,310.405,288.95,21650698.707999997,19701561.249
302,2023-10-30,376.0,659.0,5.5,404.0,513.0,2.7,91228.04,91191.7,24004.888,21268.797000000002,21674703.595999997,19722830.046
303,2023-10-31,322.0,337.0,0.7,395.0,409.0,0.0,39091.89,38247.8,45991.605,38235.484,21720695.200999998,19761065.53
304,2023-11-01,388.0,841.0,6.5,353.0,808.0,5.7,112985.69,120887.3,15505.954,13696.81,21736201.154999997,19774762.34
305,2023-11-02,124.0,124.0,0.0,298.0,301.0,0.1,37295.9,34415.5,39100.705,32976.287,21775301.86,19807738.627
306,2023-11-03,177.0,178.0,0.0,451.0,453.0,0.0,50153.76,35656.4,7652.316,6542.705,21782954.176,19814281.332000002
307,2023-11-04,310.0,675.0,3.9,383.0,829.0,5.2,95842.96,105915.2,2133.129,1895.612,21785087.305,19816176.944000002
308,2023-11-05,361.0,378.0,0.3,493.0,588.0,2.4,48463.409999999996,52031.0,314.625,286.554,21785401.93,19816463.498
309,2023-11-06,360.0,551.0,2.5,249.0,1028.0,8.9,85998.08,96834.5,10848.346,9865.257,21796250.276,19826328.755000003
310,2023-11-07,333.0,398.0,1.7,498.0,506.0,0.3,68737.54,57696.2,11680.053,10458.446,21807930.329,19836787.201
311,2023-11-08,346.0,461.0,1.5,188.0,1131.0,9.6,77686.45,80389.3,6913.421,6219.791,21814843.75,19843006.992000002
312,2023-11-09,260.0,273.0,0.5,435.0,624.0,4.2,59547.8,71058.6,66419.406,65518.697,21881263.156,19908525.689000003
313,2023-11-10,373.0,556.0,2.9,448.0,551.0,2.2,46787.28,51340.2,7562.627,6837.925,21888825.783,19915363.614
314,2023-11-11,302.0,417.0,2.4,-999.0,-999.0,-999.0,47735.55,46993.6,7836.59,7054.874,21896662.373,19922418.488
315,2023-11-12,343.0,580.0,6.0,411.0,411.0,0.0,60850.659999999996,66398.6,273.48,248.165,21896935.853,19922666.653
316,2023-11-13,-999.0,-999.0,-999.0,192.0,213.0,0.0,16431.06,15056.1,5779.73,5170.776,21902715.582999997,19927837.429
317,2023-11-14,217.0,221.0,0.1,314.0,324.0,0.0,30742.54,27265.5,6697.856,6035.15,21909413.439,19933872.579
318,2023-11-15,377.0,572.0,3.6,376.0,398.0,0.0,47239.17,50352.8,19394.664,16173.331,21928808.103,19950045.91
319,2023-11-16,278.0,337.0,1.2,-999.0,-999.0,3.6,45964.32,51715.8,11678.445000000002,10709.563,21940486.547999997,19960755.473
320,2023-11-17,327.0,468.0,2.8,308.0,308.0,0.0,49733.75,60539.1,5029.287,4531.729,21945515.834999997,19965287.202
321,2023-11-18,354.0,376.0,0.5,-999.0,-999.0,5.4,47633.2,56918.5,1616.04,1443.939,21947131.875,19966731.141000003
322,2023-11-19,259.0,387.0,2.9,266.0,308.0,0.0,39135.46,43506.1,396.685,350.415,21947528.56,19967081.556
323,2023-11-20,286.0,337.0,1.4,-999.0,-999.0,5.2,39335.57,49351.4,27242.96,23079.059,21974771.52,19990160.615000002
324,2023-11-21,250.0,269.0,0.6,-999.0,-999.0,0.4,26844.01,32576.9,118574.12,106075.187,22093345.639999997,20096235.802
325,2023-11-22,159.0,159.0,0.0,-999.0,-999.0,4.8,41158.07,27312.0,21396.105,17877.621,22114741.744999997,20114113.423
326,2023-11-23,196.0,201.0,0.5,-999.0,-999.0,8.6,43528.8,51045.7,11400.392,9424.576,22126142.137,20123537.999
327,2023-11-24,247.0,340.0,2.3,191.0,191.0,0.0,33657.47,31207.4,22572.431,17749.414,22148714.567999996,20141287.413
328,2023-11-25,243.0,265.0,0.7,286.0,286.0,0.0,40638.06,23896.5,1357.0,1231.75,22150071.567999996,20142519.163
329,2023-11-26,269.0,313.0,1.3,422.0,422.0,0.0,39768.85,30840.1,331.52,296.455,22150403.088,20142815.618
330,2023-11-27,188.0,189.0,0.0,-999.0,-999.0,4.3,23294.94,26692.3,11388.585,9436.493999999999,22161791.672999997,20152252.112
331,2023-11-28,142.0,142.0,0.0,320.0,320.0,-999.0,21164.34,10300.5,14448.215,12349.06,22176239.887999997,20164601.172
332,2023-11-29,230.0,233.0,0.2,-999.0,-999.0,2.7,39152.81,11779.4,12859.060000000001,11463.902,22189098.948,20176065.074
333,2023-11-30,309.0,341.0,0.9,223.0,223.0,0.0,21897.84,8926.5,12868.217,11407.983,22201967.165,20187473.057
334,2023-12-01,144.0,144.0,0.0,226.0,226.0,0.0,11329.42,3058.2000000000003,11212.465,9964.826000000001,22213179.63,20197437.883
335,2023-12-02,157.0,157.0,0.0,339.0,339.0,0.0,9441.14,2666.0,700.545,632.945,22213880.174999997,20198070.828
336,2023-12-03,284.0,518.0,4.7,-999.0,-999.0,8.6,16528.83,6598.9,237.98,212.65,22214118.154999997,20198283.478
337,2023-12-04,283.0,302.0,0.7,-999.0,-999.0,0.5,5833.71,4525.4,10025.0,9174.16,22224143.154999997,20207457.638
338,2023-12-05,269.0,372.0,3.0,-999.0,-999.0,3.4,9046.99,6973.1,4656.375,4242.017,22228799.529999997,20211699.655
339,2023-12-06,92.0,92.0,0.0,439.0,439.0,0.0,3699.1,5299.3,4516.33,4034.485,22233315.86,20215734.14
340,2023-12-07,233.0,251.0,0.5,-999.0,-999.0,8.4,21543.39,25073.0,5723.545,5048.86,22239039.404999997,20220783.0
341,2023-12-08,118.0,119.0,0.0,252.0,252.0,0.0,11328.99,9422.6,3718.645,3289.275,22242758.049999997,20224072.275
342,2023-12-09,194.0,197.0,0.0,-999.0,-999.0,4.7,24704.03,17434.5,771.715,685.367,22243529.764999997,20224757.642
343,2023-12-10,309.0,411.0,2.5,-999.0,-999.0,1.4,27946.66,30501.0,218.315,187.105,22243748.08,20224944.747
344,2023-12-11,175.0,251.0,1.4,117.0,117.0,0.0,33434.45,22350.0,18443.515,16309.890000000001,22262191.595,20241254.637
345,2023-12-12,163.0,179.0,0.4,283.0,283.0,0.0,20969.16,24312.5,14504.397,12472.147,22276695.992,20253726.783999998
346,2023-12-13,208.0,233.0,1.0,207.0,207.0,0.0,20994.96,23492.0,12732.581,11299.63,22289428.573,20265026.414
347,2023-12-14,131.0,131.0,0.0,276.0,276.0,0.0,15296.15,21371.9,7588.055,6989.39,22297016.628,20272015.803999998
348,2023-12-15,131.0,131.0,0.0,408.0,408.0,0.1,20142.170000000002,21007.0,21855.987999999998,19648.148,22318872.615999997,20291663.952
349,2023-12-16,184.0,254.0,2.0,-999.0,-999.0,7.4,27779.91,35514.9,1063.581,945.581,22319936.196999997,20292609.533
350,2023-12-17,178.0,418.0,7.3,-999.0,-999.0,8.4,49660.0,60814.3,220.555,196.88,22320156.751999997,20292806.413
351,2023-12-18,106.0,555.0,7.7,-999.0,-999.0,8.3,69690.73,66770.2,8534.571,7363.614,22328691.323,20300170.027
352,2023-12-19,196.0,340.0,3.1,112.0,700.0,8.5,61137.15,61440.8,8138.115,7209.335,22336829.437999997,20307379.362
353,2023-12-20,158.0,254.0,1.6,279.0,284.0,0.0,18866.62,23451.9,32635.55,27205.165,22369464.987999998,20334584.527
354,2023-12-21,40.0,43.0,0.0,147.0,155.0,0.0,6497.84,6832.8,30204.499,24400.679,22399669.486999996,20358985.206
355,2023-12-22,100.0,100.0,0.0,107.0,107.0,0.0,14572.0,12449.2,9070.62,7533.009999999999,22408740.106999997,20366518.216
356,2023-12-23,108.0,108.0,0.0,122.0,126.0,0.1,7140.25,11404.7,1241.2450000000001,1136.37,22409981.351999998,20367654.586
357,2023-12-24,48.0,48.0,0.0,190.0,298.0,3.0,8917.04,9872.5,50.78,34.7,22410032.132,20367689.286
358,2023-12-25,83.0,85.0,0.0,197.0,527.0,5.0,17231.91,28535.0,70.95,64.62,22410103.082,20367753.906
359,2023-12-26,110.0,111.0,0.0,308.0,406.0,3.6,26298.88,24422.4,66.955,51.324999999999996,22410170.036999997,20367805.231
360,2023-12-27,265.0,349.0,2.2,164.0,637.0,7.7,49308.82,57761.5,3113.92,2749.65,22413283.957,20370554.881
361,2023-12-28,115.0,115.0,0.0,335.0,449.0,4.0,36315.35,31177.6,1968.52,1690.195,22415252.476999998,20372245.075999998
362,2023-12-29,183.0,190.0,0.3,407.0,565.0,5.9,36246.4,32275.7,13647.759000000002,11110.429,22428900.235999998,20383355.505
363,2023-12-30,270.0,311.0,1.9,135.0,682.0,8.0,47332.25,49406.9,1634.305,1307.468,22430534.540999997,20384662.972999997
364,2023-12-31,220.0,223.0,0.1,369.0,411.0,2.9,33090.53,31584.8,292.275,253.8,22430826.816,20384916.773
